USE StudentGradeTracker;

SHOW TABLES;
-- Insert 100 students into the Students table
INSERT INTO
    Students (
        Student_Name,
        Date_Of_Birth,
        EMail,
        Phone_Number
    )
VALUES (
        'Student_1',
        '2000-01-01',
        'student1@example.com',
        '1234567801'
    ),
    (
        'Student_2',
        '2000-01-02',
        'student2@example.com',
        '1234567802'
    ),
    (
        'Student_3',
        '2000-01-03',
        'student3@example.com',
        '1234567803'
    ),
    (
        'Student_4',
        '2000-01-04',
        'student4@example.com',
        '1234567804'
    ),
    (
        'Student_5',
        '2000-01-05',
        'student5@example.com',
        '1234567805'
    ),
    (
        'Student_6',
        '2000-01-06',
        'student6@example.com',
        '1234567806'
    ),
    (
        'Student_7',
        '2000-01-07',
        'student7@example.com',
        '1234567807'
    ),
    (
        'Student_8',
        '2000-01-08',
        'student8@example.com',
        '1234567808'
    ),
    (
        'Student_9',
        '2000-01-09',
        'student9@example.com',
        '1234567809'
    ),
    (
        'Student_10',
        '2000-01-10',
        'student10@example.com',
        '1234567810'
    ),
    (
        'Student_11',
        '2000-01-11',
        'student11@example.com',
        '1234567811'
    ),
    (
        'Student_12',
        '2000-01-12',
        'student12@example.com',
        '1234567812'
    ),
    (
        'Student_13',
        '2000-01-13',
        'student13@example.com',
        '1234567813'
    ),
    (
        'Student_14',
        '2000-01-14',
        'student14@example.com',
        '1234567814'
    ),
    (
        'Student_15',
        '2000-01-15',
        'student15@example.com',
        '1234567815'
    ),
    (
        'Student_16',
        '2000-01-16',
        'student16@example.com',
        '1234567816'
    ),
    (
        'Student_17',
        '2000-01-17',
        'student17@example.com',
        '1234567817'
    ),
    (
        'Student_18',
        '2000-01-18',
        'student18@example.com',
        '1234567818'
    ),
    (
        'Student_19',
        '2000-01-19',
        'student19@example.com',
        '1234567819'
    ),
    (
        'Student_20',
        '2000-01-20',
        'student20@example.com',
        '1234567820'
    ),
    (
        'Student_21',
        '2000-01-21',
        'student21@example.com',
        '1234567821'
    ),
    (
        'Student_22',
        '2000-01-22',
        'student22@example.com',
        '1234567822'
    ),
    (
        'Student_23',
        '2000-01-23',
        'student23@example.com',
        '1234567823'
    ),
    (
        'Student_24',
        '2000-01-24',
        'student24@example.com',
        '1234567824'
    ),
    (
        'Student_25',
        '2000-01-25',
        'student25@example.com',
        '1234567825'
    ),
    (
        'Student_26',
        '2000-01-26',
        'student26@example.com',
        '1234567826'
    ),
    (
        'Student_27',
        '2000-01-27',
        'student27@example.com',
        '1234567827'
    ),
    (
        'Student_28',
        '2000-01-28',
        'student28@example.com',
        '1234567828'
    ),
    (
        'Student_29',
        '2000-01-29',
        'student29@example.com',
        '1234567829'
    ),
    (
        'Student_30',
        '2000-01-30',
        'student30@example.com',
        '1234567830'
    ),
    (
        'Student_31',
        '2000-01-31',
        'student31@example.com',
        '1234567831'
    ),
    (
        'Student_32',
        '2000-02-01',
        'student32@example.com',
        '1234567832'
    ),
    (
        'Student_33',
        '2000-02-02',
        'student33@example.com',
        '1234567833'
    ),
    (
        'Student_34',
        '2000-02-03',
        'student34@example.com',
        '1234567834'
    ),
    (
        'Student_35',
        '2000-02-04',
        'student35@example.com',
        '1234567835'
    ),
    (
        'Student_36',
        '2000-02-05',
        'student36@example.com',
        '1234567836'
    ),
    (
        'Student_37',
        '2000-02-06',
        'student37@example.com',
        '1234567837'
    ),
    (
        'Student_38',
        '2000-02-07',
        'student38@example.com',
        '1234567838'
    ),
    (
        'Student_39',
        '2000-02-08',
        'student39@example.com',
        '1234567839'
    ),
    (
        'Student_40',
        '2000-02-09',
        'student40@example.com',
        '1234567840'
    ),
    (
        'Student_41',
        '2000-02-10',
        'student41@example.com',
        '1234567841'
    ),
    (
        'Student_42',
        '2000-02-11',
        'student42@example.com',
        '1234567842'
    ),
    (
        'Student_43',
        '2000-02-12',
        'student43@example.com',
        '1234567843'
    ),
    (
        'Student_44',
        '2000-02-13',
        'student44@example.com',
        '1234567844'
    ),
    (
        'Student_45',
        '2000-02-14',
        'student45@example.com',
        '1234567845'
    ),
    (
        'Student_46',
        '2000-02-15',
        'student46@example.com',
        '1234567846'
    ),
    (
        'Student_47',
        '2000-02-16',
        'student47@example.com',
        '1234567847'
    ),
    (
        'Student_48',
        '2000-02-17',
        'student48@example.com',
        '1234567848'
    ),
    (
        'Student_49',
        '2000-02-18',
        'student49@example.com',
        '1234567849'
    ),
    (
        'Student_50',
        '2000-02-19',
        'student50@example.com',
        '1234567850'
    ),
    (
        'Student_51',
        '2000-02-20',
        'student51@example.com',
        '1234567851'
    ),
    (
        'Student_52',
        '2000-02-21',
        'student52@example.com',
        '1234567852'
    ),
    (
        'Student_53',
        '2000-02-22',
        'student53@example.com',
        '1234567853'
    ),
    (
        'Student_54',
        '2000-02-23',
        'student54@example.com',
        '1234567854'
    ),
    (
        'Student_55',
        '2000-02-24',
        'student55@example.com',
        '1234567855'
    ),
    (
        'Student_56',
        '2000-02-25',
        'student56@example.com',
        '1234567856'
    ),
    (
        'Student_57',
        '2000-02-26',
        'student57@example.com',
        '1234567857'
    ),
    (
        'Student_58',
        '2000-02-27',
        'student58@example.com',
        '1234567858'
    ),
    (
        'Student_59',
        '2000-02-28',
        'student59@example.com',
        '1234567859'
    ),
    (
        'Student_60',
        '2000-02-29',
        'student60@example.com',
        '1234567860'
    ),
    (
        'Student_61',
        '2000-03-01',
        'student61@example.com',
        '1234567861'
    ),
    (
        'Student_62',
        '2000-03-02',
        'student62@example.com',
        '1234567862'
    ),
    (
        'Student_63',
        '2000-03-03',
        'student63@example.com',
        '1234567863'
    ),
    (
        'Student_64',
        '2000-03-04',
        'student64@example.com',
        '1234567864'
    ),
    (
        'Student_65',
        '2000-03-05',
        'student65@example.com',
        '1234567865'
    ),
    (
        'Student_66',
        '2000-03-06',
        'student66@example.com',
        '1234567866'
    ),
    (
        'Student_67',
        '2000-03-07',
        'student67@example.com',
        '1234567867'
    ),
    (
        'Student_68',
        '2000-03-08',
        'student68@example.com',
        '1234567868'
    ),
    (
        'Student_69',
        '2000-03-09',
        'student69@example.com',
        '1234567869'
    ),
    (
        'Student_70',
        '2000-03-10',
        'student70@example.com',
        '1234567870'
    ),
    (
        'Student_71',
        '2000-03-11',
        'student71@example.com',
        '1234567871'
    ),
    (
        'Student_72',
        '2000-03-12',
        'student72@example.com',
        '1234567872'
    ),
    (
        'Student_73',
        '2000-03-13',
        'student73@example.com',
        '1234567873'
    ),
    (
        'Student_74',
        '2000-03-14',
        'student74@example.com',
        '1234567874'
    ),
    (
        'Student_75',
        '2000-03-15',
        'student75@example.com',
        '1234567875'
    ),
    (
        'Student_76',
        '2000-03-16',
        'student76@example.com',
        '1234567876'
    ),
    (
        'Student_77',
        '2000-03-17',
        'student77@example.com',
        '1234567877'
    ),
    (
        'Student_78',
        '2000-03-18',
        'student78@example.com',
        '1234567878'
    ),
    (
        'Student_79',
        '2000-03-19',
        'student79@example.com',
        '1234567879'
    ),
    (
        'Student_80',
        '2000-03-20',
        'student80@example.com',
        '1234567880'
    ),
    (
        'Student_81',
        '2000-03-21',
        'student81@example.com',
        '1234567881'
    ),
    (
        'Student_82',
        '2000-03-22',
        'student82@example.com',
        '1234567882'
    ),
    (
        'Student_83',
        '2000-03-23',
        'student83@example.com',
        '1234567883'
    ),
    (
        'Student_84',
        '2000-03-24',
        'student84@example.com',
        '1234567884'
    ),
    (
        'Student_85',
        '2000-03-25',
        'student85@example.com',
        '1234567885'
    ),
    (
        'Student_86',
        '2000-03-26',
        'student86@example.com',
        '1234567886'
    ),
    (
        'Student_87',
        '2000-03-27',
        'student87@example.com',
        '1234567887'
    ),
    (
        'Student_88',
        '2000-03-28',
        'student88@example.com',
        '1234567888'
    ),
    (
        'Student_89',
        '2000-03-29',
        'student89@example.com',
        '1234567889'
    ),
    (
        'Student_90',
        '2000-03-30',
        'student90@example.com',
        '1234567890'
    ),
    (
        'Student_91',
        '2000-03-31',
        'student91@example.com',
        '1234567891'
    ),
    (
        'Student_92',
        '2000-04-01',
        'student92@example.com',
        '1234567892'
    ),
    (
        'Student_93',
        '2000-04-02',
        'student93@example.com',
        '1234567893'
    ),
    (
        'Student_94',
        '2000-04-03',
        'student94@example.com',
        '1234567894'
    ),
    (
        'Student_95',
        '2000-04-04',
        'student95@example.com',
        '1234567895'
    ),
    (
        'Student_96',
        '2000-04-05',
        'student96@example.com',
        '1234567896'
    ),
    (
        'Student_97',
        '2000-04-06',
        'student97@example.com',
        '1234567897'
    ),
    (
        'Student_98',
        '2000-04-07',
        'student98@example.com',
        '1234567898'
    ),
    (
        'Student_99',
        '2000-04-08',
        'student99@example.com',
        '1234567899'
    ),
    (
        'Student_100',
        '2000-04-09',
        'student100@example.com',
        '1234567800'
    );

-- ___________________________________________________________________________________________
-- Insert courses into the Courses table
INSERT INTO
    Courses (
        Course_Name,
        Course_Code,
        Credit_Hours
    )
VALUES ('Mathematics', 'MATH101', 3),
    ('Physics', 'PHYS101', 4),
    ('Chemistry', 'CHEM101', 3),
    ('Biology', 'BIO101', 4),
    (
        'Computer Science',
        'CS101',
        3
    );
-- ___________________________________________________________________________________________
-- Insert enrollments into the Enrollments table
INSERT INTO
    Enrollments (
        Student_Id,
        Course_Id,
        Enrollment_Date
    )
VALUES (1, 1, '2024-01-01'),
    (2, 2, '2024-01-02'),
    (3, 3, '2024-01-03'),
    (4, 4, '2024-01-04'),
    (5, 5, '2024-01-05'),
    (6, 1, '2024-01-06'),
    (7, 2, '2024-01-07'),
    (8, 3, '2024-01-08'),
    (9, 4, '2024-01-09'),
    (10, 5, '2024-01-10'),
    (11, 1, '2024-01-11'),
    (12, 2, '2024-01-12'),
    (13, 3, '2024-01-13'),
    (14, 4, '2024-01-14'),
    (15, 5, '2024-01-15'),
    (16, 1, '2024-01-16'),
    (17, 2, '2024-01-17'),
    (18, 3, '2024-01-18'),
    (19, 4, '2024-01-19'),
    (20, 5, '2024-01-20'),
    (21, 1, '2024-01-21'),
    (22, 2, '2024-01-22'),
    (23, 3, '2024-01-23'),
    (24, 4, '2024-01-24'),
    (25, 5, '2024-01-25'),
    (26, 1, '2024-01-26'),
    (27, 2, '2024-01-27'),
    (28, 3, '2024-01-28'),
    (29, 4, '2024-01-29'),
    (30, 5, '2024-01-30'),
    (31, 1, '2024-01-31'),
    (32, 2, '2024-02-01'),
    (33, 3, '2024-02-02'),
    (34, 4, '2024-02-03'),
    (35, 5, '2024-02-04'),
    (36, 1, '2024-02-05'),
    (37, 2, '2024-02-06'),
    (38, 3, '2024-02-07'),
    (39, 4, '2024-02-08'),
    (40, 5, '2024-02-09'),
    (41, 1, '2024-02-10'),
    (42, 2, '2024-02-11'),
    (43, 3, '2024-02-12'),
    (44, 4, '2024-02-13'),
    (45, 5, '2024-02-14'),
    (46, 1, '2024-02-15'),
    (47, 2, '2024-02-16'),
    (48, 3, '2024-02-17'),
    (49, 4, '2024-02-18'),
    (50, 5, '2024-02-19'),
    (51, 1, '2024-02-20'),
    (52, 2, '2024-02-21'),
    (53, 3, '2024-02-22'),
    (54, 4, '2024-02-23'),
    (55, 5, '2024-02-24'),
    (56, 1, '2024-02-25'),
    (57, 2, '2024-02-26'),
    (58, 3, '2024-02-27'),
    (59, 4, '2024-02-28'),
    (60, 5, '2024-02-29'),
    (61, 1, '2024-03-01'),
    (62, 2, '2024-03-02'),
    (63, 3, '2024-03-03'),
    (64, 4, '2024-03-04'),
    (65, 5, '2024-03-05'),
    (66, 1, '2024-03-06'),
    (67, 2, '2024-03-07'),
    (68, 3, '2024-03-08'),
    (69, 4, '2024-03-09'),
    (70, 5, '2024-03-10'),
    (71, 1, '2024-03-11'),
    (72, 2, '2024-03-12'),
    (73, 3, '2024-03-13'),
    (74, 4, '2024-03-14'),
    (75, 5, '2024-03-15'),
    (76, 1, '2024-03-16'),
    (77, 2, '2024-03-17'),
    (78, 3, '2024-03-18'),
    (79, 4, '2024-03-19'),
    (80, 5, '2024-03-20'),
    (81, 1, '2024-03-21'),
    (82, 2, '2024-03-22'),
    (83, 3, '2024-03-23'),
    (84, 4, '2024-03-24'),
    (85, 5, '2024-03-25'),
    (86, 1, '2024-03-26'),
    (87, 2, '2024-03-27'),
    (88, 3, '2024-03-28'),
    (89, 4, '2024-03-29'),
    (90, 5, '2024-03-30'),
    (91, 1, '2024-03-31'),
    (92, 2, '2024-04-01'),
    (93, 3, '2024-04-02'),
    (94, 4, '2024-04-03'),
    (95, 5, '2024-04-04'),
    (96, 1, '2024-04-05'),
    (97, 2, '2024-04-06'),
    (98, 3, '2024-04-07'),
    (99, 4, '2024-04-08'),
    (100, 5, '2024-04-09');
-- ___________________________________________________________________________________________
-- Insert grades into the Grades table
INSERT INTO
    Grades (
        Enrollment_Id,
        Grade,
        Exam_Date,
        comments
    )
VALUES (
        1,
        'A',
        '2024-05-01',
        'Excellent performance'
    ),
    (
        2,
        'B',
        '2024-05-02',
        'Good performance'
    ),
    (
        3,
        'C',
        '2024-05-03',
        'Average performance'
    ),
    (
        4,
        'D',
        '2024-05-04',
        'Below average performance'
    ),
    (
        5,
        'F',
        '2024-05-05',
        'Failed'
    ),
    (
        6,
        'A',
        '2024-05-06',
        'Excellent performance'
    ),
    (
        7,
        'B',
        '2024-05-07',
        'Good performance'
    ),
    (
        8,
        'C',
        '2024-05-08',
        'Average performance'
    ),
    (
        9,
        'D',
        '2024-05-09',
        'Below average performance'
    ),
    (
        10,
        'F',
        '2024-05-10',
        'Failed'
    ),
    (
        11,
        'A',
        '2024-05-11',
        'Excellent performance'
    ),
    (
        12,
        'B',
        '2024-05-12',
        'Good performance'
    ),
    (
        13,
        'C',
        '2024-05-13',
        'Average performance'
    ),
    (
        14,
        'D',
        '2024-05-14',
        'Below average performance'
    ),
    (
        15,
        'F',
        '2024-05-15',
        'Failed'
    ),
    (
        16,
        'A',
        '2024-05-16',
        'Excellent performance'
    ),
    (
        17,
        'B',
        '2024-05-17',
        'Good performance'
    ),
    (
        18,
        'C',
        '2024-05-18',
        'Average performance'
    ),
    (
        19,
        'D',
        '2024-05-19',
        'Below average performance'
    ),
    (
        20,
        'F',
        '2024-05-20',
        'Failed'
    ),
    (
        21,
        'A',
        '2024-05-21',
        'Excellent performance'
    ),
    (
        22,
        'B',
        '2024-05-22',
        'Good performance'
    ),
    (
        23,
        'C',
        '2024-05-23',
        'Average performance'
    ),
    (
        24,
        'D',
        '2024-05-24',
        'Below average performance'
    ),
    (
        25,
        'F',
        '2024-05-25',
        'Failed'
    ),
    (
        26,
        'A',
        '2024-05-26',
        'Excellent performance'
    ),
    (
        27,
        'B',
        '2024-05-27',
        'Good performance'
    ),
    (
        28,
        'C',
        '2024-05-28',
        'Average performance'
    ),
    (
        29,
        'D',
        '2024-05-29',
        'Below average performance'
    ),
    (
        30,
        'F',
        '2024-05-30',
        'Failed'
    ),
    (
        31,
        'A',
        '2024-05-31',
        'Excellent performance'
    ),
    (
        32,
        'B',
        '2024-06-01',
        'Good performance'
    ),
    (
        33,
        'C',
        '2024-06-02',
        'Average performance'
    ),
    (
        34,
        'D',
        '2024-06-03',
        'Below average performance'
    ),
    (
        35,
        'F',
        '2024-06-04',
        'Failed'
    ),
    (
        36,
        'A',
        '2024-06-05',
        'Excellent performance'
    ),
    (
        37,
        'B',
        '2024-06-06',
        'Good performance'
    ),
    (
        38,
        'C',
        '2024-06-07',
        'Average performance'
    ),
    (
        39,
        'D',
        '2024-06-08',
        'Below average performance'
    ),
    (
        40,
        'F',
        '2024-06-09',
        'Failed'
    ),
    (
        41,
        'A',
        '2024-06-10',
        'Excellent performance'
    ),
    (
        42,
        'B',
        '2024-06-11',
        'Good performance'
    ),
    (
        43,
        'C',
        '2024-06-12',
        'Average performance'
    ),
    (
        44,
        'D',
        '2024-06-13',
        'Below average performance'
    ),
    (
        45,
        'F',
        '2024-06-14',
        'Failed'
    ),
    (
        46,
        'A',
        '2024-06-15',
        'Excellent performance'
    ),
    (
        47,
        'B',
        '2024-06-16',
        'Good performance'
    ),
    (
        48,
        'C',
        '2024-06-17',
        'Average performance'
    ),
    (
        49,
        'D',
        '2024-06-18',
        'Below average performance'
    ),
    (
        50,
        'F',
        '2024-06-19',
        'Failed'
    ),
    (
        51,
        'A',
        '2024-06-20',
        'Excellent performance'
    ),
    (
        52,
        'B',
        '2024-06-21',
        'Good performance'
    ),
    (
        53,
        'C',
        '2024-06-22',
        'Average performance'
    ),
    (
        54,
        'D',
        '2024-06-23',
        'Below average performance'
    ),
    (
        55,
        'F',
        '2024-06-24',
        'Failed'
    ),
    (
        56,
        'A',
        '2024-06-25',
        'Excellent performance'
    ),
    (
        57,
        'B',
        '2024-06-26',
        'Good performance'
    ),
    (
        58,
        'C',
        '2024-06-27',
        'Average performance'
    ),
    (
        59,
        'D',
        '2024-06-28',
        'Below average performance'
    ),
    (
        60,
        'F',
        '2024-06-29',
        'Failed'
    ),
    (
        61,
        'A',
        '2024-06-30',
        'Excellent performance'
    ),
    (
        62,
        'B',
        '2024-07-01',
        'Good performance'
    ),
    (
        63,
        'C',
        '2024-07-02',
        'Average performance'
    ),
    (
        64,
        'D',
        '2024-07-03',
        'Below average performance'
    ),
    (
        65,
        'F',
        '2024-07-04',
        'Failed'
    ),
    (
        66,
        'A',
        '2024-07-05',
        'Excellent performance'
    ),
    (
        67,
        'B',
        '2024-07-06',
        'Good performance'
    ),
    (
        68,
        'C',
        '2024-07-07',
        'Average performance'
    ),
    (
        69,
        'D',
        '2024-07-08',
        'Below average performance'
    ),
    (
        70,
        'F',
        '2024-07-09',
        'Failed'
    ),
    (
        71,
        'A',
        '2024-07-10',
        'Excellent performance'
    ),
    (
        72,
        'B',
        '2024-07-11',
        'Good performance'
    ),
    (
        73,
        'C',
        '2024-07-12',
        'Average performance'
    ),
    (
        74,
        'D',
        '2024-07-13',
        'Below average performance'
    ),
    (
        75,
        'F',
        '2024-07-14',
        'Failed'
    ),
    (
        76,
        'A',
        '2024-07-15',
        'Excellent performance'
    ),
    (
        77,
        'B',
        '2024-07-16',
        'Good performance'
    ),
    (
        78,
        'C',
        '2024-07-17',
        'Average performance'
    ),
    (
        79,
        'D',
        '2024-07-18',
        'Below average performance'
    ),
    (
        80,
        'F',
        '2024-07-19',
        'Failed'
    ),
    (
        81,
        'A',
        '2024-07-20',
        'Excellent performance'
    ),
    (
        82,
        'B',
        '2024-07-21',
        'Good performance'
    ),
    (
        83,
        'C',
        '2024-07-22',
        'Average performance'
    ),
    (
        84,
        'D',
        '2024-07-23',
        'Below average performance'
    ),
    (
        85,
        'F',
        '2024-07-24',
        'Failed'
    ),
    (
        86,
        'A',
        '2024-07-25',
        'Excellent performance'
    ),
    (
        87,
        'B',
        '2024-07-26',
        'Good performance'
    ),
    (
        88,
        'C',
        '2024-07-27',
        'Average performance'
    ),
    (
        89,
        'D',
        '2024-07-28',
        'Below average performance'
    ),
    (
        90,
        'F',
        '2024-07-29',
        'Failed'
    ),
    (
        91,
        'A',
        '2024-07-30',
        'Excellent performance'
    ),
    (
        92,
        'B',
        '2024-07-31',
        'Good performance'
    ),
    (
        93,
        'C',
        '2024-08-01',
        'Average performance'
    ),
    (
        94,
        'D',
        '2024-08-02',
        'Below average performance'
    ),
    (
        95,
        'F',
        '2024-08-03',
        'Failed'
    ),
    (
        96,
        'A',
        '2024-08-04',
        'Excellent performance'
    ),
    (
        97,
        'B',
        '2024-08-05',
        'Good performance'
    ),
    (
        98,
        'C',
        '2024-08-06',
        'Average performance'
    ),
    (
        99,
        'D',
        '2024-08-07',
        'Below average performance'
    ),
    (
        100,
        'F',
        '2024-08-08',
        'Failed'
    );

COMMIT;
-- ___________________________________________________________________________________________